Date,Open,High,Low,Close,Adj Close,Volume
2014-12-29,47100,48500,47000,48050,44872.14453,1750952
2014-12-30,48300,48500,47500,47750,44591.98438,1159390
2015-01-02,47950,48400,47650,47750,44591.98438,1155944
2015-01-05,48050,48400,47500,47650,44498.59375,1409146
2015-01-06,47000,47600,46900,47500,44358.51563,1661196
2015-01-07,46700,47600,46700,47400,44265.12891,1821266
2015-01-08,48250,50000,47900,49950,46646.48438,5006675
2015-01-09,50700,51400,49700,49700,46413.01563,3313929
2015-01-12,50000,50500,49450,50300,46973.33984,1709997
2015-01-13,48500,49650,48500,49000,45759.31641,3047952
2015-01-14,48900,49850,48850,48900,45665.92969,2241954
2015-01-15,48900,49500,48850,49500,46226.24219,1468474
2015-01-16,48450,48900,47250,47450,44311.82422,4820176
2015-01-19,47500,47950,46800,47000,43891.58203,3180759
2015-01-20,47250,47650,46800,47050,43938.27734,2211331
2015-01-21,47500,48200,47400,48050,44872.14453,2156709
2015-01-22,48100,48450,47000,47000,43891.58203,2905955
2015-01-23,47600,47750,47200,47500,44358.51563,1572903
2015-01-26,47250,48300,47000,48250,45058.91406,1410144
2015-01-27,49350,49350,48800,49150,45899.39063,2292330
2015-01-28,49150,49300,48200,49200,45946.08594,2333159
2015-01-29,48500,49200,47300,47400,44265.12891,5020783
2015-01-30,48000,48000,47300,47650,44498.59375,2743159
2015-02-02,47300,47600,46350,46600,43518.03906,3258140
2015-02-03,46450,47450,46450,46700,43611.42969,2513399
2015-02-04,47400,47450,47000,47300,44171.74219,1823018
2015-02-05,47300,47400,46300,47150,44031.66406,1984849
2015-02-06,47100,47200,45200,45500,42490.78906,4547785
2015-02-09,45300,45950,45000,45200,42210.63281,2741040
2015-02-10,45250,45800,45050,45150,42163.9375,2254222
2015-02-11,45900,47050,45650,46850,43751.50781,3231887
2015-02-12,47450,47500,46600,46650,43564.73438,1903965
2015-02-13,47000,47450,46750,47050,43938.27734,1354556
2015-02-16,47550,47550,47200,47500,44358.51563,1534022
2015-02-17,47350,47450,46300,46450,43377.96094,1677139
2015-02-23,46500,47200,46400,47200,44078.35938,2273267
2015-02-24,47900,47900,47200,47600,44451.90234,1880503
2015-02-25,47200,47400,46400,46500,43424.65625,2633709
2015-02-26,46750,47200,46450,47100,43984.97266,1938544
2015-02-27,47000,47300,46250,46600,43518.03906,2344677
2015-03-02,46850,46900,46300,46850,43751.50781,2246166
2015-03-03,47150,47500,46650,47300,44171.74219,2100433
2015-03-04,47300,47300,45700,45900,42864.33594,4160256
2015-03-05,45650,46100,45250,45500,42490.78906,2214809
2015-03-06,46050,46400,45950,46200,43144.49609,1877771
2015-03-09,45450,45750,44850,45100,42117.24609,3175721
2015-03-10,45200,45500,43100,44150,41230.07422,5232109
2015-03-11,43500,44000,43150,43400,40529.67578,4527681
2015-03-12,43400,44100,43250,43250,40389.59766,3929253
2015-03-13,43350,44150,43350,44100,41183.38281,1962212
2015-03-16,44400,46000,44400,45800,42770.95313,4031380
2015-03-17,46100,46450,45850,46250,43191.1875,2790117
2015-03-18,46250,46400,45600,46250,43191.1875,2790286
2015-03-19,46950,47000,46300,46400,43331.26953,1983215
2015-03-20,46450,46850,45850,46850,43751.50781,1948819
2015-03-23,47100,48200,47050,48150,44965.53125,3781841
2015-03-24,47700,48200,47550,48000,44825.45313,2155547
2015-03-25,48000,48350,47850,48300,45105.60938,1830867
2015-03-26,47250,47500,46550,47000,43891.58203,4469503
2015-03-27,46150,46400,45400,45800,42770.95313,4492231
2015-03-30,46000,46350,45100,45500,42490.78906,2776997
2015-03-31,46300,46350,45450,45550,42537.48438,2399612
2015-04-01,45950,46200,44900,45000,42023.85547,2051147
2015-04-02,44550,45350,44100,44800,41837.08594,3148519
2015-04-03,44300,44800,44000,44200,41276.76953,2834100
2015-04-06,44450,45100,44250,44750,41790.39453,2068077
2015-04-07,45000,45050,43500,43950,41043.30469,3691912
2015-04-08,43900,44150,42450,42600,39782.58594,5694496
2015-04-09,42000,42550,41550,41900,39128.88281,5892744
2015-04-10,42850,43800,42700,43600,40716.44922,6518647
2015-04-13,44400,44500,43800,44200,41276.76953,3362917
2015-04-14,44250,44400,43700,44000,41090,2134645
2015-04-15,44000,44500,44000,44300,41370.15625,2146331
2015-04-16,44750,44900,44150,44500,41556.92578,2096120
2015-04-17,44700,44750,44050,44550,41603.62109,2153757
2015-04-20,44100,44400,43600,44250,41323.46094,2355455
2015-04-21,44600,45500,44250,45150,42163.9375,3270598
2015-04-22,45700,46100,45250,45250,42257.32813,3816002
2015-04-23,46400,46800,45650,45800,42770.95313,4995010
2015-04-24,46700,47250,46500,47200,44078.35938,4400132
2015-04-27,47300,47500,45400,45800,42770.95313,3688453
2015-04-28,46150,46950,45700,46950,43844.89453,2311231
2015-04-29,47050,47400,46300,46900,43798.20313,2422884
2015-04-30,46900,46900,45650,46150,43097.80078,2419318
2015-05-04,46500,47100,46400,46800,43704.8125,2239896
2015-05-06,46300,46350,45000,45300,42304.01953,3291950
2015-05-07,44850,46000,44550,45900,42864.33594,2142745
2015-05-08,45300,46300,45050,45950,42911.03125,1695019
2015-05-11,46100,46700,46000,46300,43237.88281,1592730
2015-05-12,46300,47250,46000,46050,43004.41797,2364231
2015-05-13,46100,46150,45200,45250,42257.32813,1896100
2015-05-14,45650,46050,45200,45550,42537.48438,1889682
2015-05-15,45750,45950,45200,45300,42304.01953,1215027
2015-05-18,45100,45450,44400,45450,42444.09766,2195599
2015-05-19,45650,46150,45500,46100,43051.11328,1510095
2015-05-20,46500,46900,46400,46850,43751.50781,1784488
2015-05-21,47000,47500,46200,46350,43284.57813,1880002
2015-05-22,46750,47850,46350,47850,44685.37109,3953338
2015-05-26,48500,49150,47800,48000,44825.45313,3594626
2015-05-27,48000,48800,47500,48450,45245.6875,3441135
2015-05-28,49450,50000,49150,49650,46366.32031,5512264
2015-05-29,49350,51300,49200,51100,47720.42578,6512595
2015-06-01,50600,50900,49550,50600,47253.49609,4623131
2015-06-02,50700,51500,50300,51200,47813.8125,2173205
2015-06-03,51000,51700,49600,49800,46506.40625,2724813
2015-06-04,49500,49600,48100,48300,45105.60938,3262007
2015-06-05,48300,49550,48150,49050,45806.00781,2134371
2015-06-08,48600,48800,48000,48050,44872.14453,1954503
2015-06-09,47750,48300,47200,48000,44825.45313,2168902
2015-06-10,48000,48000,47500,47500,44358.51563,2649918
2015-06-11,47800,47900,47050,47100,43984.97266,2696182
2015-06-12,47750,47800,46450,46550,43471.35156,2307036
2015-06-15,46550,47100,46050,46150,43097.80078,1775422
2015-06-16,45250,45300,44200,44200,41276.76953,6161260
2015-06-17,44250,45250,44250,44950,41977.16406,3461566
2015-06-18,44900,44950,44300,44300,41370.15625,2225236
2015-06-19,44350,44550,43500,43550,40669.75391,3858378
2015-06-22,43800,44150,43550,43850,40949.91797,2843715
2015-06-23,44350,44600,44000,44150,41230.07422,2676531
2015-06-24,44250,44250,43150,43350,40482.98047,2694795
2015-06-25,43100,43400,42800,43100,40249.51953,3270655
2015-06-26,41550,42250,41550,42000,39222.26953,7935060
2015-06-29,41000,43050,40600,42600,39782.58594,4892150
2015-06-30,42650,42800,41950,42300,39502.42969,2598797
2015-07-01,42800,43200,42250,42800,39969.35547,2126825
2015-07-02,43000,43000,42000,42100,39315.65625,2592544
2015-07-03,42700,43100,42200,42650,39829.28125,2903385
2015-07-06,42000,42050,40350,40750,38054.9375,4533535
2015-07-07,41200,41850,41000,41350,38615.25391,3183795
2015-07-08,41100,41300,40750,40900,38195.01953,3335846
2015-07-09,40400,41050,39600,40950,38241.71484,3018029
2015-07-10,41250,41300,40350,40850,38148.32422,2738522
2015-07-13,41450,41850,40500,40550,37868.16797,3707444
2015-07-14,40600,40650,37800,37850,35346.73438,15180511
2015-07-15,38400,39400,38350,39300,36700.83594,8281669
2015-07-16,39000,39500,38650,39450,36840.91797,2373825
2015-07-17,39500,40500,38700,39950,37307.84766,3352178
2015-07-20,40150,40350,38650,38650,36093.82422,2535208
2015-07-21,38950,39350,38500,39050,36467.36719,2531422
2015-07-22,39000,39000,37750,38200,35673.58984,3986610
2015-07-23,40000,40300,38600,39000,36420.67578,8215778
2015-07-24,39250,39450,38500,38550,36000.44141,3411382
2015-07-27,38500,38850,36850,37250,34786.41406,4142170
2015-07-28,36500,37650,36500,37100,34646.33594,3657208
2015-07-29,37450,37600,36800,37000,34552.94922,3040352
2015-07-30,36550,36800,34050,34500,32218.28906,9328208
2015-07-31,34800,37100,34750,37100,34646.33594,7074785
2015-08-03,36500,37100,35500,35950,33572.39453,5481242
2015-08-04,35450,37950,35450,37250,34786.41406,4060733
2015-08-05,37850,38300,37000,37300,34833.10938,3330999
2015-08-06,37750,37750,36050,36100,33712.47656,3888988
2015-08-07,35650,36450,35050,36200,33805.85938,3381532
2015-08-10,36200,36400,35750,36300,33899.24609,1336480
2015-08-11,36300,37200,36100,36100,33712.47656,2890084
2015-08-12,35600,36400,35400,35800,33432.3125,2824462
2015-08-13,35900,36900,35850,36900,34459.56641,2748437
2015-08-14,36900,36900,36900,36900,34459.56641,0
2015-08-17,37300,37400,35650,35650,33292.23828,3808016
2015-08-18,35800,36400,34700,35050,32731.91602,4706366
2015-08-19,34500,34800,32650,33000,30817.49609,8813242
2015-08-20,33050,33550,32850,33050,30864.19141,4588759
2015-08-21,31400,32250,31400,32000,29883.63477,6084203
2015-08-24,31600,32350,30300,31050,28996.46289,8593829
2015-08-25,31300,33950,31300,33500,31284.42969,11821629
2015-08-26,33500,34200,32850,33450,31237.73633,6534943
2015-08-27,34200,35500,34150,35500,33152.15234,7063277
2015-08-28,36550,37700,36300,36900,34459.56641,7382006
2015-08-31,36850,36850,35650,35800,33432.3125,4408499
2015-09-01,35150,35450,34200,34400,32124.90625,6442285
2015-09-02,33500,34600,33350,34350,32078.21094,4161070
2015-09-03,34350,35700,34350,35400,33058.76563,4222565
2015-09-04,35400,35950,34650,34850,32545.14844,2437386
2015-09-07,34800,35100,34300,34750,32451.75781,1624613
2015-09-08,35000,35100,34600,34750,32451.75781,1494929
2015-09-09,35800,36500,35650,36000,33619.08984,3035809
2015-09-10,35400,35950,35400,35950,33572.39453,3079224
2015-09-11,35450,35750,35000,35000,32685.22266,3242067
2015-09-14,35300,35450,34350,34600,32311.67969,2163452
2015-09-15,34500,34600,33350,33600,31377.81641,3880824
2015-09-16,33800,35350,33800,35100,32778.60938,3876376
2015-09-17,35750,36450,35350,36150,33759.16406,4734065
2015-09-18,36400,36450,35450,35750,33385.625,3267741
2015-09-21,35200,35250,34700,34800,32498.45313,2538367
2015-09-22,34900,35150,34700,34900,32591.83594,2004067
2015-09-23,34500,35250,34350,34700,32405.0625,1641929
2015-09-24,34900,34950,33600,33850,31611.2793,4172759
2015-09-25,33750,34400,33400,34350,32078.21094,2813254
2015-09-30,33700,33800,33350,33550,31331.12305,4158644
2015-10-01,33750,33950,33500,33700,31471.20117,3667742
2015-10-02,34200,34750,33800,34550,32264.98438,3052650
2015-10-05,35250,35950,35100,35350,33012.07422,4367169
2015-10-06,36300,37200,36250,37200,34739.72266,5944141
2015-10-07,37050,37700,36800,37300,34833.10938,3879936
2015-10-08,38000,38100,36600,37550,35066.57422,3824312
2015-10-12,37550,37550,36700,36850,34412.87109,2519174
2015-10-13,36800,37150,35800,36000,33619.08984,2961513
2015-10-14,36300,37050,35900,36400,33992.63281,3720738
2015-10-15,35950,36800,35850,36750,34319.48438,2943506
2015-10-16,36900,37050,36000,36100,33712.47656,1899386
2015-10-19,36150,36200,35600,35750,33385.625,1967828
2015-10-20,36000,36150,35250,35700,33338.92969,2686193
2015-10-21,35000,35000,33600,33650,31424.50586,9957394
2015-10-22,33200,33450,31850,31950,29836.93945,10914420
2015-10-23,32400,32950,32050,32100,29977.02148,6341772
2015-10-26,32350,33100,32300,32900,30724.10938,3326112
2015-10-27,32100,32650,32050,32150,30023.71289,3535671
2015-10-28,32150,32450,31400,31450,29370.00781,4322506
2015-10-29,31700,32150,31300,31450,29370.00781,4273016
2015-10-30,31150,31200,30450,30700,28669.60938,4640184
2015-11-02,30700,32250,30400,32150,30023.71289,4493014
2015-11-03,32500,33000,31550,31900,29790.24609,4453120
2015-11-04,32500,32700,32100,32600,30443.95117,3276995
2015-11-05,32350,32700,32200,32650,30490.64453,1928001
2015-11-06,32350,32400,31050,31200,29136.54492,5219855
2015-11-09,30900,31300,30400,31250,29183.23633,3563095
2015-11-10,30850,31350,30600,31150,29089.84961,2724051
2015-11-11,30700,31200,30550,31000,28949.77148,2898877
2015-11-12,30950,31000,30700,30700,28669.60938,1537585
2015-11-13,30500,31600,30500,31150,29089.84961,1962129
2015-11-16,30600,30950,30500,30500,28482.83789,2351453
2015-11-17,31050,31150,30600,30600,28576.22266,1935683
2015-11-18,30600,30800,30050,30550,28529.53125,3137103
2015-11-19,30800,31600,30700,31200,29136.54492,2525784
2015-11-20,31500,31750,31000,31000,28949.77148,2097039
2015-11-23,31150,31250,30600,30650,28622.91797,2430154
2015-11-24,30600,30850,30100,30200,28202.67969,3308696
2015-11-25,30400,32000,30400,31900,29790.24609,6941459
2015-11-26,32400,34150,32250,32750,30584.0293,13223992
2015-11-27,33200,33600,32000,32000,29883.63477,3890920
2015-11-30,32050,32650,31600,31600,29510.08789,3917877
2015-12-01,31650,31650,30900,31350,29276.62305,3752942
2015-12-02,31550,31900,31200,31200,29136.54492,2731791
2015-12-03,31050,31350,30850,31150,29089.84961,1730137
2015-12-04,30700,31450,30600,31200,29136.54492,2125421
2015-12-07,31450,31700,30700,30700,28669.60938,2238378
2015-12-08,30500,30750,30050,30200,28202.67969,2483443
2015-12-09,30100,30550,30100,30250,28249.37305,1524501
2015-12-10,30200,30550,30050,30300,28296.06641,3145787
2015-12-11,30200,30550,29600,29850,27875.82617,2725258
2015-12-14,29000,29350,28550,29000,27082.04297,3669577
2015-12-15,29050,29600,28800,29400,27455.58789,2006190
2015-12-16,30050,30500,29900,30400,28389.44922,2601080
2015-12-17,30250,30550,29800,30250,28249.37305,2210682
2015-12-18,29800,30700,29800,30600,28576.22266,2854920
2015-12-21,30450,30800,30250,30500,28482.83789,1576561
2015-12-22,31000,32200,30800,32200,30070.40625,6861264
2015-12-23,32100,33000,31900,32700,30537.33594,5331047
2015-12-24,32950,33150,31700,31700,29603.47266,3624175
2015-12-28,31750,31850,30900,30900,28856.38281,2535636
2015-12-29,30900,31550,30800,31200,29615.76172,1965713
2015-12-30,31100,31450,30550,30750,29188.60938,1801261
2016-01-04,30550,30750,30150,30150,28619.07813,1878039
2016-01-05,30500,31200,30350,30600,29046.22656,2482905
2016-01-06,30600,30900,30300,30750,29188.60938,2461593
2016-01-07,30400,30750,30200,30200,28666.53906,2424880
2016-01-08,29800,30100,29550,29700,28191.92773,3967121
2016-01-11,29400,29500,28600,28650,27195.24219,5358223
2016-01-12,28600,28900,27700,27800,26388.40234,4418384
2016-01-13,28100,28450,28000,28100,26673.16992,3481523
2016-01-14,27300,27900,27200,27900,26483.32422,3957935
2016-01-15,27950,28300,26800,26800,25439.18164,5431851
2016-01-18,25900,27000,25800,26700,25344.25781,3658921
2016-01-19,26700,28300,26700,28300,26863.01563,4291742
2016-01-20,28050,28100,26750,26800,25439.18164,4186899
2016-01-21,26600,27250,26600,26600,25249.33594,2840628
2016-01-22,27200,27600,27000,27150,25771.40625,2361216
2016-01-25,27550,28200,27300,28000,26578.24609,2977310
2016-01-26,28000,29100,27750,27850,26435.86328,5351814
2016-01-27,28100,28350,27250,27650,26246.01953,3205822
2016-01-28,27450,27750,26850,27650,26246.01953,3035447
2016-01-29,27250,27350,26950,27300,25913.79102,2898720
2016-02-01,28100,28650,27700,28400,26957.9375,4767927
2016-02-02,28450,28800,28150,28450,27005.39844,2865209
2016-02-03,27600,27850,27200,27450,26056.17578,2705269
2016-02-04,27700,28150,27600,28100,26673.16992,2459305
2016-02-05,28100,28350,27900,28100,26673.16992,1484771
2016-02-11,27000,27400,26950,27150,25771.40625,2468082
2016-02-12,26850,27750,26850,27350,25961.25195,2429857
2016-02-15,27750,28200,27500,27700,26293.48047,2162111
2016-02-16,27850,29000,27800,28900,27432.54883,3851681
2016-02-17,29250,30300,29150,30050,28524.15625,6106318
2016-02-18,30550,30850,29800,30200,28666.53906,2972873
2016-02-19,29950,30050,29250,29600,28097.00586,2336536
2016-02-22,29400,30000,29400,29900,28381.77148,1366180
2016-02-23,30100,30600,30000,30400,28856.38281,2123648
2016-02-24,31050,31250,30600,30900,29330.99609,3480563
2016-02-25,31400,31500,30650,30800,29236.07031,2527297
2016-02-26,31000,31100,30450,30800,29236.07031,1282277
2016-02-29,30800,30900,29600,30000,28476.69531,2989861
2016-03-02,31050,31300,30650,30950,29378.45703,3567312
2016-03-03,31550,32000,31100,31950,30327.67969,3898363
2016-03-04,31800,32100,31550,31900,30280.21875,1913316
2016-03-07,32150,32250,31500,31900,30280.21875,3487206
2016-03-08,31200,31500,30300,30500,28951.30469,4616147
2016-03-09,29900,30550,29650,30550,28998.76563,3503375
2016-03-10,30550,30650,30150,30300,28761.46094,2734070
2016-03-11,29900,30850,29900,30700,29141.14844,2117430
2016-03-14,31100,31100,30250,30350,28808.92188,2062549
2016-03-15,30350,30550,29750,29900,28381.77148,2078857
2016-03-16,29900,29950,29050,29200,27717.31641,2902896
2016-03-17,29350,29750,29100,29250,27764.77734,2768278
2016-03-18,29500,29900,29250,29450,27954.62109,2864640
2016-03-21,29800,29850,29300,29550,28049.54492,1783055
2016-03-22,29700,30200,29550,30200,28666.53906,2546366
2016-03-23,30100,30450,29850,30250,28714,1868041
2016-03-24,29850,29900,29350,29450,27954.62109,3587082
2016-03-25,29450,29500,28900,29150,27669.85547,1978956
2016-03-28,29000,29050,28150,28550,27100.32031,2795412
2016-03-29,28850,29150,28700,28900,27432.54883,2343876
2016-03-30,29150,29500,28650,28650,27195.24219,3512889
2016-03-31,28700,28850,28000,28150,26720.63281,4336581
2016-04-01,28450,28500,28050,28200,26768.09375,2991431
2016-04-04,28100,28150,27800,27900,26483.32422,2823088
2016-04-05,27900,28100,27600,27850,26435.86328,2032745
2016-04-06,27550,27850,27450,27500,26103.63672,2410844
2016-04-07,27450,27450,26750,26900,25534.10352,4588396
2016-04-08,26950,27800,26900,27800,26388.40234,3718690
2016-04-11,27600,27700,27150,27150,25771.40625,2425426
2016-04-12,27200,27550,27100,27150,25771.40625,1850577
2016-04-14,27600,27850,27250,27250,25866.33008,4761215
2016-04-15,27450,27800,27350,27650,26246.01953,2785108
2016-04-18,28000,28150,27200,27200,25818.86914,3861103
2016-04-19,27500,27550,27350,27450,26056.17578,1843729
2016-04-20,27500,28000,27500,27550,26151.09766,3231788
2016-04-21,27700,27950,27500,27550,26151.09766,2999400
2016-04-22,27450,27800,27350,27500,26103.63672,1556764
2016-04-25,27650,27800,27350,27500,26103.63672,1506644
2016-04-26,27550,29200,27550,29150,27669.85547,7750203
2016-04-27,29300,29750,29000,29150,27669.85547,6213757
2016-04-28,29100,29150,27850,27900,26483.32422,6766879
2016-04-29,27700,28250,27500,28150,26720.63281,2878692
2016-05-02,27950,28300,27750,27850,26435.86328,1306092
2016-05-03,27950,28100,27650,27650,26246.01953,1373116
2016-05-04,27450,27500,26500,26650,25296.79688,4388484
2016-05-09,26150,26550,25700,25750,24442.49609,5185089
2016-05-10,25750,26400,25750,26400,25059.49219,2564593
2016-05-11,26500,26550,26100,26200,24869.64648,1735332
2016-05-12,26050,26250,25850,26100,24774.72461,1759282
2016-05-13,26100,26250,25900,26100,24774.72461,1849910
2016-05-16,26100,26300,25900,26100,24774.72461,1337159
2016-05-17,26250,26300,25900,25900,24584.87891,1545947
2016-05-18,25800,26400,25650,26200,24869.64648,2474774
2016-05-19,26750,26900,26400,26600,25249.33594,4367007
2016-05-20,26600,26650,26250,26300,24964.57031,2245019
2016-05-23,26800,27450,26650,27200,25818.86914,4534043
2016-05-24,27350,27350,26700,26850,25486.64258,2428278
2016-05-25,27450,27450,26950,27050,25676.48438,2250906
2016-05-26,27150,27200,26850,27000,25629.02539,1938084
2016-05-27,27200,28750,27150,28650,27195.24219,7719656
2016-05-30,28850,29400,28650,29000,27527.4707,5492886
2016-05-31,28650,29000,28200,28700,27242.70313,5414611
2016-06-01,28850,29000,28400,28500,27052.85938,3630711
2016-06-02,28600,29050,28000,28050,26625.70703,3443745
2016-06-03,28150,28450,27400,27600,26198.55859,3680988
2016-06-07,27700,28750,27650,28650,27195.24219,4435065
2016-06-08,29050,29300,28450,28550,27100.32031,3940058
2016-06-09,28700,29400,28650,29000,27527.4707,5336122
2016-06-10,29150,29200,28700,29000,27527.4707,2413698
2016-06-13,28650,28700,28000,28350,26910.47656,2607031
2016-06-14,28150,29300,28150,29050,27574.93359,3490535
2016-06-15,29350,30150,29300,29950,28429.23438,5751526
2016-06-16,30250,30400,29350,29650,28144.4668,3687253
2016-06-17,30000,30000,28750,29000,27527.4707,2891783
2016-06-20,29800,30050,29050,30050,28524.15625,4501015
2016-06-21,30050,30150,29550,29800,28286.84961,2376833
2016-06-22,30200,30950,30000,30950,29378.45703,5122638
2016-06-23,30900,31800,30850,31750,30137.83398,7147499
2016-06-24,32800,33100,30450,31800,30185.29688,16852175
2016-06-27,31350,32050,31050,32050,30422.60156,6146337
2016-06-28,31150,31600,30650,31150,29568.30078,5072467
2016-06-29,31800,32200,31700,31800,30185.29688,3801424
2016-06-30,32000,32550,31700,32400,30754.83008,4571310
2016-07-01,31800,32700,31600,32150,30517.52344,5289586
2016-07-04,32250,32900,32050,32750,31087.05859,3192033
2016-07-05,32650,32650,31850,31850,30232.75781,2577231
2016-07-06,31100,31350,30300,30600,29046.22656,6314347
2016-07-07,30750,31350,30600,30650,29093.6875,2715183
2016-07-08,30700,31250,30550,31050,29473.37891,2424460
2016-07-11,31750,32300,31650,32000,30375.14063,3938161
2016-07-12,32250,32300,31550,32000,30375.14063,2523664
2016-07-13,32700,32950,32450,32650,30992.13477,3779418
2016-07-14,32500,33300,32450,33050,31371.82617,3145494
2016-07-15,33300,33500,32650,32700,31039.5957,2580255
2016-07-18,32900,33100,32500,32750,31087.05859,1515167
2016-07-19,32900,33000,31950,32450,30802.29102,2340759
2016-07-20,32300,32400,31850,32100,30470.0625,1775583
2016-07-21,32400,32800,32100,32150,30517.52344,1879147
2016-07-22,32150,32150,31200,32000,30375.14063,2442893
2016-07-25,32300,32650,32150,32500,30849.75195,2147590
2016-07-26,32400,32400,31100,32050,30422.60156,5028045
2016-07-27,32600,33450,32550,33450,31751.51172,4762165
2016-07-28,33150,33550,33000,33550,31846.43555,3586965
2016-07-29,33550,34400,33450,34400,32653.27539,4660512
2016-08-01,34700,35300,34600,34850,33080.42969,3274413
2016-08-02,34600,34700,33650,33750,32036.2793,2123735
2016-08-03,33300,34400,33000,33550,31846.43555,2698841
2016-08-04,33950,34200,33350,33650,31941.35742,1477680
2016-08-05,34300,34900,33950,34800,33032.96875,2830058
2016-08-08,35150,35250,34400,34950,33175.34766,2157854
2016-08-09,34850,35200,34450,35050,33270.26953,2112078
2016-08-10,34900,35000,33650,33800,32083.74023,3193311
2016-08-11,33700,34800,33450,34800,33032.96875,2980478
2016-08-12,34450,35100,34200,34350,32605.81445,2437735
2016-08-16,34950,34950,33700,33700,31988.81836,2883043
2016-08-17,33750,33900,32900,33550,31846.43555,2083372
2016-08-18,33550,34250,33550,34150,32415.9707,1855081
2016-08-19,34400,35400,34200,35400,33602.49609,4683750
2016-08-22,35500,36050,35250,36000,34172.03516,4149396
2016-08-23,36250,36300,35550,35600,33792.33984,3014421
2016-08-24,35900,35950,35300,35750,33934.72266,1689924
2016-08-25,35100,35750,34900,35700,33887.26172,1568516
2016-08-26,35850,36350,35750,36250,34409.33984,2635343
2016-08-29,35350,36400,35300,36250,34409.33984,2782441
2016-08-30,36800,36950,35550,36300,34456.80078,2766460
2016-08-31,36400,36450,35750,36450,34599.18359,2832970
2016-09-01,36400,36400,35700,36100,34266.95703,1713669
2016-09-02,36100,36700,35950,36650,34789.02734,1828390
2016-09-05,36900,37500,36850,37500,35595.86719,2337575
2016-09-06,37750,38000,37350,38000,36070.48047,2123160
2016-09-07,38200,38800,37900,37900,35975.55859,3786844
2016-09-08,37900,38700,37900,38700,36734.9375,3698781
2016-09-09,38550,39000,38350,38950,36972.24219,2748415
2016-09-12,37500,38300,37000,37000,35121.25391,4885896
2016-09-13,37600,38300,37500,37800,35880.63672,3928646
2016-09-19,38700,39450,38250,39200,37209.54688,5283684
2016-09-20,39200,39450,38750,39250,37257.00781,2594490
2016-09-21,39000,39150,38650,39150,37162.08594,1731450
2016-09-22,39800,39800,39150,39400,37399.39063,3214630
2016-09-23,39550,39650,39050,39350,37351.92969,2095120
2016-09-26,39350,39500,38800,39500,37494.3125,1669862
2016-09-27,39400,41150,39150,41150,39060.53125,4001505
2016-09-28,41300,42000,40950,41200,39107.99219,4189804
2016-09-29,40600,40750,40150,40200,38158.77344,3976705
2016-09-30,39750,40950,39600,40200,38158.77344,3764773
2016-10-04,41500,41800,41000,41800,39677.52734,3639803
2016-10-05,42150,42950,41200,42600,40436.90234,4387312
2016-10-06,43100,43150,42400,42550,40389.44141,2815496
2016-10-07,42700,42700,41900,42200,40057.21484,2637734
2016-10-10,42200,42500,41200,41300,39202.91406,2916252
2016-10-11,41300,42000,41100,41300,39202.91406,2810503
2016-10-12,41000,41900,41000,41250,39155.45313,3521492
2016-10-13,41450,41700,40950,40950,38870.6875,3638071
2016-10-14,41300,41900,41200,41550,39440.22266,2708972
2016-10-17,41750,42300,41400,42300,40152.13672,2314725
2016-10-18,42200,42300,41300,41650,39535.14453,2559222
2016-10-19,41150,41450,39850,40050,38016.39063,5033246
2016-10-20,40250,40300,38850,40050,38016.39063,5423960
2016-10-21,39500,41000,39500,40950,38870.6875,2436212
2016-10-24,41000,41150,39850,40150,38111.3125,2211109
2016-10-25,40350,41650,40200,41050,38965.60938,4469224
2016-10-26,41300,42900,41300,42900,40721.67188,6364037
2016-10-27,42900,43600,42600,43000,40816.59375,4814197
2016-10-28,42700,42950,42100,42450,40294.51953,2251179
2016-10-31,42500,42900,41000,41000,38918.14844,3297943
2016-11-01,41700,42350,41600,42000,39867.37109,3173446
2016-11-02,41250,41400,40450,41000,38918.14844,2822651
2016-11-03,40900,41700,40700,41150,39060.53125,2580396
2016-11-04,41150,41400,40850,41200,39107.99219,2600930
2016-11-07,41800,42050,41200,41500,39392.76172,2033220
2016-11-08,42100,42150,41250,41500,39392.76172,1882987
2016-11-09,41650,41750,38700,39650,37636.69922,5779291
2016-11-10,41000,41050,40500,41000,38918.14844,2520434
2016-11-11,40000,40450,39550,39850,37826.54297,2962651
2016-11-14,40000,40450,39700,39700,37684.16016,1589911
2016-11-15,39700,40400,39500,39700,37684.16016,2030086
2016-11-16,40450,41000,40250,40850,38775.76563,2101878
2016-11-17,41500,41900,41200,41900,39772.44922,2383464
2016-11-18,42300,42400,41700,42000,39867.37109,3331134
2016-11-21,41800,41900,40650,40750,38680.84375,1883627
2016-11-22,41250,42800,41200,42700,40531.82813,3306186
2016-11-23,43000,43900,42550,43050,40864.05469,4047443
2016-11-24,43350,43850,42500,42650,40484.36328,1789745
2016-11-25,43050,43300,42250,42600,40436.90234,1328958
2016-11-28,42400,43250,42100,42600,40436.90234,1513215
2016-11-29,42400,43100,41800,42400,40247.05859,1777480
2016-11-30,42900,43800,42650,42900,40721.67188,4325524
2016-12-01,43000,44400,43000,44200,41955.66406,3491185
2016-12-02,43350,44500,43300,44400,42145.50781,4244113
2016-12-05,44050,44600,43800,44400,42145.50781,1703219
2016-12-06,44700,45500,44600,45200,42904.88672,3099065
2016-12-07,45750,45800,45200,45250,42952.34766,1984369
2016-12-08,46200,46650,46100,46250,43901.57031,3313157
2016-12-09,46450,46750,45450,45500,43189.65625,3003326
2016-12-12,45750,45850,44850,45300,42999.80859,1440589
2016-12-13,44700,45700,44700,44950,42667.57813,1822952
2016-12-14,45350,46100,45350,45850,43521.88281,2010708
2016-12-15,45850,46050,45000,45600,43284.57813,1828843
2016-12-16,45800,46450,45700,46400,44043.95313,2100809
2016-12-19,46250,46300,45050,45150,42857.42188,1997194
2016-12-20,45400,45550,44950,45150,42857.42188,1110753
2016-12-21,45500,45750,45000,45000,42715.03906,1662010
2016-12-22,46000,46650,45150,45500,43189.65625,4045912
2016-12-23,46200,46400,45950,46300,43949.03125,2982024
2016-12-26,46200,46600,45250,45650,43332.03906,1603230
2016-12-27,45550,45950,45400,45650,43332.03906,1175619
2016-12-28,45350,45750,45100,45350,43620.59766,1296254
2016-12-29,45150,45200,44600,44700,42995.38281,1808856
2017-01-02,44750,46000,44600,45800,44053.4375,1547681
2017-01-03,46200,47300,46200,47250,45448.14063,2655477
2017-01-04,47000,47150,46200,46500,44726.73828,2722599
2017-01-05,47000,47500,46850,46950,45159.57813,2377163
2017-01-06,47700,48450,47600,48000,46169.53906,3166843
2017-01-09,48500,49750,48200,49550,47660.42969,3871999
2017-01-10,49850,50200,49200,49750,47852.80469,2561968
2017-01-11,50000,51900,50000,51600,49632.25391,4360058
2017-01-12,51600,51600,50400,50600,48670.38672,5060622
2017-01-13,49850,50700,49850,50300,48381.82813,4219771
2017-01-16,50100,50300,48800,49300,47419.96484,4974924
2017-01-17,49300,50200,49250,49300,47419.96484,2309955
2017-01-18,48950,49400,48300,48850,46987.125,2974091
2017-01-19,49550,50100,49100,49600,47708.52344,2332268
2017-01-20,49700,50100,49150,49150,47275.6875,1943195
2017-01-23,49950,51000,49900,50800,48862.76563,4148659
2017-01-24,51300,52000,51100,51600,49632.25391,3449130
2017-01-25,52200,52500,51600,51700,49728.44141,2715809
2017-01-26,52500,53500,52400,53300,51267.42578,4517114
2017-01-31,53300,54500,52700,53700,51652.17188,4118790
2017-02-01,54300,54900,53700,54000,51940.73047,2813046
2017-02-02,53500,54000,52700,52800,50786.49609,3486140
2017-02-03,52500,53700,51800,53700,51652.17188,3718619
2017-02-06,54200,54400,53300,53700,51652.17188,1897002
2017-02-07,53800,54500,53100,53300,51267.42578,2405891
2017-02-08,53700,54600,52400,54600,52517.85156,3552260
2017-02-09,53100,53700,52500,52700,50690.30859,6547266
2017-02-10,52000,52200,50000,50000,48093.26953,9120878
2017-02-13,49550,51000,49500,50700,48766.57813,4124290
2017-02-14,51100,51600,48100,48450,46602.37891,8593878
2017-02-15,48300,48700,47550,47900,46073.35156,8725221
2017-02-16,48350,49600,48200,49600,47708.52344,4840918
2017-02-17,50400,51100,50200,50400,48478.01563,4927937
2017-02-20,50900,51000,49600,49900,47997.08203,2265276
2017-02-21,49950,51000,49350,50900,48958.94922,2227708
2017-02-22,51600,51700,50600,50600,48670.38672,2678429
2017-02-23,50000,50400,49050,50200,48285.64063,3374139
2017-02-24,49850,50000,47400,47500,45688.60547,7707747
2017-02-27,46850,47000,45650,46000,44245.80859,7604699
2017-02-28,46600,47600,46200,46700,44919.11328,5588155
2017-03-02,46850,47850,46800,47700,45880.98047,7093071
2017-03-03,47650,48250,46700,47100,45303.86328,3937032
2017-03-06,47600,49400,47550,49350,47468.05859,5045970
2017-03-07,49100,49300,48050,48800,46939.03125,3439908
2017-03-08,48800,49300,47900,48000,46169.53906,3728263
2017-03-09,48200,48850,48000,48000,46169.53906,2957372
2017-03-10,48100,49550,47500,49200,47323.77734,3849912
2017-03-13,49550,51100,49300,51000,49055.13672,4948062
2017-03-14,51800,51900,50300,50300,48381.82813,4024138
2017-03-15,49350,49500,48550,48800,46939.03125,4688787
2017-03-16,49350,49650,48500,49150,47275.6875,3458839
2017-03-17,48400,48400,46600,46750,44967.20703,8098258
2017-03-20,46950,47650,46550,47600,45784.79297,3929405
2017-03-21,47900,48250,47000,47550,45736.69922,3720816
2017-03-22,47000,48800,47000,48650,46794.75,4157526
2017-03-23,48950,49300,48150,48450,46602.37891,2473925
2017-03-24,50000,50200,49300,49500,47612.33594,5174622
2017-03-27,50000,51100,49950,50700,48766.57813,5607032
2017-03-28,51200,51300,50000,50800,48862.76563,2862493
2017-03-29,51000,52200,50800,51300,49343.69531,4154277
2017-03-30,51100,51500,50200,50900,48958.94922,2204243
2017-03-31,50800,50800,49900,50500,48574.19922,2682196
2017-04-03,50800,51900,50700,51800,49824.62891,2361892
2017-04-04,52100,52200,50800,51000,49055.13672,2192884
2017-04-05,50600,51000,49950,50300,48381.82813,2758658
2017-04-06,50300,50500,49100,49400,47516.15234,2991825
2017-04-07,49450,49800,48700,49800,47900.89844,2645476
2017-04-10,49700,49750,48950,49000,47131.40625,1824895
2017-04-11,48550,49350,48400,48850,46987.125,2384127
2017-04-12,48800,49200,48550,49000,47131.40625,1694663
2017-04-13,49100,50200,48650,49750,47852.80469,2367158
2017-04-14,49750,50700,49450,49800,47900.89844,2845128
2017-04-17,50200,50300,49100,49200,47323.77734,2002100
2017-04-18,49600,50400,49300,50200,48285.64063,1899560
2017-04-19,50300,50400,49850,49850,47948.98828,1587172
2017-04-20,49750,51700,49700,51400,49439.88281,3573280
2017-04-21,51800,52500,51300,52000,50017,3834454
2017-04-24,52700,53200,52100,52400,50401.74609,3158545
2017-04-25,52800,52800,51300,52400,50401.74609,5312931
2017-04-26,53100,54200,53000,53700,51652.17188,5609007
2017-04-27,53800,53900,52700,53600,51555.98438,2743963
2017-04-28,53600,54700,53400,54000,51940.73047,3573387
2017-05-02,55300,55900,54800,55400,53287.34375,4347745
2017-05-04,55900,55900,55000,55900,53768.27344,2780438
2017-05-08,56000,57000,55700,56900,54730.14063,3818771
2017-05-10,57400,58100,55200,55600,53479.71484,4766870
2017-05-11,56000,56400,54800,56400,54249.21094,3509393
2017-05-12,56400,56400,55100,55300,53191.15625,2303244
2017-05-15,55300,56100,55300,55600,53479.71484,1542366
2017-05-16,56200,56800,55200,55300,53191.15625,2546047
2017-05-17,55400,55700,54400,54700,52614.03906,2485465
2017-05-18,53600,55700,53400,55700,53575.90234,3494997
2017-05-19,55100,55600,54200,54200,52133.10156,2860160
2017-05-22,54900,56000,54800,56000,53864.46094,2544180
2017-05-23,56400,56500,55000,55100,52998.78516,2410542
2017-05-24,55700,56500,55600,55800,53672.08984,2324952
2017-05-25,56400,56400,55400,55800,53672.08984,1996135
2017-05-26,56000,57100,56000,57100,54922.51563,3145737
2017-05-29,57700,58800,57100,57900,55692.00391,3294700
2017-05-30,58200,58400,56600,57400,55211.07422,2368225
2017-05-31,57400,57900,56500,57000,54826.32813,3314659
2017-06-01,56700,56900,56100,56400,54249.21094,2006611
2017-06-02,56900,57500,56400,57100,54922.51563,2481215
2017-06-05,57200,57200,55900,56100,53960.64844,2525078
2017-06-07,55900,56900,55400,56500,54345.39453,3040030
2017-06-08,56500,57000,56200,56700,54537.76953,3943311
2017-06-09,56700,58400,56500,58300,56076.75391,4799560
2017-06-12,57200,57900,56800,57500,55307.25781,2650404
2017-06-13,57700,58900,56900,58800,56557.6875,3431811
2017-06-14,59200,60000,58800,59300,57038.61719,4441904
2017-06-15,59300,61000,59300,60600,58289.04297,4549233
2017-06-16,61100,61600,59900,60500,58192.85547,3932203
2017-06-19,61300,63200,61300,62800,60405.14844,5315543
2017-06-20,64700,65400,63700,64000,61559.38672,6519471
2017-06-21,63300,66300,62900,64800,62328.87891,5650669
2017-06-22,66500,66500,64500,65000,62521.25,4977159
2017-06-23,64500,65400,63500,65000,62521.25,3189590
2017-06-26,65000,67500,65000,67500,64925.91016,3516630
2017-06-27,68200,69600,67000,69200,66561.08594,4951341
2017-06-28,68100,69200,66800,67200,64637.35156,5520578
2017-06-29,67900,68800,67100,68500,65887.78125,3702501
2017-06-30,67400,67800,67000,67400,64829.72656,3230282
2017-07-03,66500,66900,65500,66300,63771.67578,3763473
2017-07-04,65900,67100,65300,65800,63290.74609,2895782
2017-07-05,65600,68200,65300,68000,65406.84375,4557456
2017-07-06,69000,69400,67500,68100,65503.03125,4048922
2017-07-07,67600,68400,66100,66600,64060.23438,3242213
2017-07-10,67000,67500,65700,67300,64733.53906,2667048
2017-07-11,67400,69000,66900,69000,66368.71094,3187332
2017-07-12,68700,69500,68400,68900,66272.53125,3462150
2017-07-13,69500,71900,69200,70600,67907.69531,5432312
2017-07-14,71400,72200,70700,71100,68388.625,2931832
2017-07-17,71800,71900,70200,71200,68484.8125,2804598
2017-07-18,70700,71800,70600,70800,68100.07031,2066194
2017-07-19,71200,71200,70000,71000,68292.4375,2009799
2017-07-20,71400,71700,70800,71300,68581,1647153
2017-07-21,70800,71300,70300,71200,68484.8125,1599111
2017-07-24,71300,73000,71000,73000,70216.17188,3598173
2017-07-25,72900,73000,70100,70400,67715.32031,6028435
2017-07-26,69600,69900,66700,66800,64252.60938,9659618
2017-07-27,66800,69500,66800,68400,65791.59375,6177375
2017-07-28,67800,67900,64200,64600,62136.50391,8093780
2017-07-31,63700,66000,63700,66000,63483.11719,4769724
2017-08-01,65300,66500,64700,65500,63002.18359,3744523
2017-08-02,67900,68200,66600,68000,65406.84375,4161592
2017-08-03,67900,67900,65200,65500,63002.18359,4992104
2017-08-04,65100,66100,63200,64000,61559.38672,5938549
2017-08-07,64000,65000,63700,64100,61655.57422,3518575
2017-08-08,64900,66400,64800,66300,63771.67578,4372768
2017-08-09,65400,65400,64000,64200,61751.75781,4037319
2017-08-10,63700,64600,63200,64400,61944.13281,4474120
2017-08-11,62000,63000,61400,61400,59058.53516,6664578
2017-08-14,63000,65100,62300,65100,62617.4375,5239246
2017-08-16,67200,67300,65800,66100,63579.30469,4714899
2017-08-17,66800,67300,66100,66400,63867.86328,3709768
2017-08-18,64900,67300,64800,67000,64444.98047,3130891
2017-08-21,67300,67800,66600,67200,64637.35156,2570150
2017-08-22,67400,68200,67200,68200,65599.22656,2208365
2017-08-23,69000,69000,67600,68000,65406.84375,3072911
2017-08-24,68200,68700,67500,68100,65503.03125,2333347
2017-08-25,68300,68400,67600,68400,65791.59375,1862764
2017-08-28,68000,68100,67100,67900,65310.65625,1843458
2017-08-29,67300,67900,66400,67600,65022.09766,2967906
2017-08-30,68300,68900,68100,68500,65887.78125,2118742
2017-08-31,68900,69300,68200,68600,65983.96875,2054717
2017-09-01,69000,69200,67700,68700,66080.15625,2304425
2017-09-04,66600,68600,66600,68100,65503.03125,3234465
2017-09-05,68600,70100,67900,69900,67234.39063,4026248
2017-09-06,69900,71900,69700,71700,68965.74219,4476200
2017-09-07,71600,72800,71200,71400,68677.1875,3877849
2017-09-08,72000,72800,71500,72600,69831.42969,2868673
2017-09-11,73600,74200,73200,73800,70985.66406,3321612
2017-09-12,74800,74900,73500,74700,71851.34375,3676865
2017-09-13,75000,77400,74300,75700,72813.21094,5682708
2017-09-14,76300,76800,75700,76800,73871.26563,3366621
2017-09-15,76100,77500,76000,77200,74256.00781,2725277
2017-09-18,78200,80000,77700,79700,76660.67188,3638325
2017-09-19,80100,80500,78500,79200,76179.73438,3934389
2017-09-20,79300,81200,78400,80700,77622.53906,5268665
2017-09-21,81100,83400,80400,83100,79931.01563,6961713
2017-09-25,83600,86300,83600,86300,83008.98438,4656285
2017-09-26,86300,86300,86300,86300,83008.98438,0
2017-09-27,83100,83800,81400,82400,79257.70313,5029200
2017-09-28,84500,85500,82500,83200,80027.20313,4817018
2017-09-29,83300,84300,82200,82900,79738.64063,3579139
2017-10-10,86300,90000,85300,88700,85317.46094,7956055
2017-10-11,89900,90300,88100,89100,85702.20313,5500820
2017-10-12,89200,89900,88100,88500,85125.08594,4313702
2017-10-13,88500,88500,85600,86100,82816.60938,6101810
2017-10-16,86100,87100,82800,84200,80989.07031,6985619
2017-10-17,85700,86600,83500,83500,80315.76563,6802500
2017-10-18,83200,83300,80000,80900,77814.91406,9070685
2017-10-19,79900,81800,79000,79000,75987.35938,7675978
2017-10-20,79800,82400,79600,81200,78103.46875,6911051
2017-10-23,82600,84700,82100,84700,81470,5388391
2017-10-24,84000,84200,81600,81800,78680.58594,5236092
2017-10-25,82100,82600,80300,81700,78584.39844,3914170
2017-10-26,80000,82000,78500,78700,75698.80469,7528077
2017-10-27,78100,78700,76500,78400,75410.24219,8929263
2017-10-30,79600,81300,79100,79800,76756.85938,5883529
2017-10-31,80000,82700,79200,82200,79065.33594,6620890
2017-11-01,86000,86000,84000,85300,82047.11719,7067296
2017-11-02,85000,85100,83200,83400,80219.57813,4464960
2017-11-03,83400,84500,81900,84400,81181.4375,4050123
2017-11-06,83600,84100,83000,83500,80315.76563,3131468
2017-11-07,82800,83300,82200,82400,79257.70313,2993945
2017-11-08,82100,84400,81800,83200,80027.20313,3396387
2017-11-09,83200,83500,81600,82400,79257.70313,3748489
2017-11-10,81300,82800,81000,82000,78872.96094,2357772
2017-11-13,82000,83100,81800,82300,79161.52344,2955651
2017-11-14,83000,84500,82900,83400,80219.57813,3399976
2017-11-15,83800,84200,81900,82000,78872.96094,3207872
2017-11-17,83300,84800,83000,83000,79834.82813,4339090
2017-11-20,83300,83300,81800,82100,78969.14844,2988991
2017-11-21,83200,85000,82800,85000,81758.55469,5540888
2017-11-22,86500,87700,86100,86800,83489.92188,4592670
2017-11-24,84500,85400,83900,85100,81854.74219,2073899
2017-11-27,86000,86700,82000,83100,79931.01563,7105679
2017-11-28,82900,83600,81200,82600,79450.07813,4083144
2017-11-29,82900,83000,82100,82400,79257.70313,2418748
2017-11-30,77000,79600,76800,76800,73871.26563,11213748
2017-12-01,77200,78800,77100,77400,74448.38281,4340592
2017-12-04,77600,79200,76800,79100,76083.54688,4115752
2017-12-05,77600,79300,77100,77900,74929.3125,3736568
2017-12-06,78700,79500,77200,77500,74544.57031,3934238
2017-12-07,78300,78300,75600,76000,73101.77344,5166136
2017-12-08,77500,78900,76900,78700,75698.80469,3660716
2017-12-11,79000,79500,78000,78700,75698.80469,2493176
2017-12-12,79000,79000,77100,77800,74833.125,3746347
2017-12-13,77400,77500,76200,76800,73871.26563,3485920
2017-12-14,77200,77600,76000,76000,73101.77344,5552560
2017-12-15,77100,77400,75600,75700,72813.21094,3374982
2017-12-18,76200,77300,75900,77200,74256.00781,3237589
2017-12-19,78400,80800,78200,80200,77141.60938,6782210
2017-12-21,80200,80600,76900,77000,74063.63281,4831110
2017-12-22,76400,77400,76300,76700,73775.07813,3382954
2017-12-26,76600,76900,74000,74000,71178.03906,6253943
2017-12-27,75400,76400,74400,75100,73225.625,4291492
2017-12-28,75400,76700,75200,76500,74590.6875,2825939
2018-01-03,78100,78800,77300,77700,75760.73438,3097644
2018-01-04,78700,79700,77100,77100,75175.71094,3729328
2018-01-05,78400,79400,78300,79300,77320.80469,3395065
2018-01-08,79500,80000,77400,78200,76248.25781,2960495
2018-01-09,78300,78900,76300,76900,74980.70313,3343874
2018-01-10,76700,76700,72500,72900,71080.53125,9123901
2018-01-11,73200,73800,72000,72600,70788.02344,3777867
2018-01-12,73300,74500,72000,74400,72543.09375,5659087
2018-01-15,73700,74100,72500,72700,70885.52344,3541267
2018-01-16,72700,74700,72700,74400,72543.09375,4383229
2018-01-17,74400,75000,73700,74100,72250.58594,3256624
2018-01-18,75800,76800,74600,75200,73323.13281,6199800
2018-01-19,75300,75800,73000,73300,71470.55469,3898397
2018-01-22,72800,72800,70700,71100,69325.46094,5610463
2018-01-23,71800,72200,70900,71300,69520.46875,4671451
2018-01-24,71600,73200,71500,72400,70593.01563,3802939
2018-01-25,73400,76200,72300,75800,73908.15625,8758929
2018-01-26,76400,76400,74200,75500,73615.64063,4296170
2018-01-29,76500,77000,75000,75300,73420.63281,3618328
2018-01-30,74300,74600,73100,73100,71275.54688,5443314
2018-01-31,72200,74500,72200,73500,71665.5625,5800892
2018-02-01,74900,75200,74000,74400,72543.09375,2987816
2018-02-02,74500,74600,71800,72200,70398.00781,4343077
2018-02-05,70200,70900,69800,70200,68447.92188,4058439
2018-02-06,69100,71300,68200,70200,68447.92188,5679965
2018-02-07,73700,73800,70800,71100,69325.46094,6007913
2018-02-08,71900,74200,71600,73900,72055.57813,5586858
2018-02-09,72100,74200,72000,73400,71568.05469,5118112
2018-02-12,73700,74700,73400,74500,72640.60156,3317876
2018-02-13,75900,77800,75800,77700,75760.73438,7814367
2018-02-14,78400,79500,77000,77600,75663.22656,3943628
2018-02-19,78900,79000,76100,76500,74590.6875,3350577
2018-02-20,76400,76500,75200,75500,73615.64063,2507719
2018-02-21,75800,77200,75800,76900,74980.70313,2653870
2018-02-22,76100,77400,75700,75900,74005.65625,1879461
2018-02-23,76100,77600,76000,77300,75370.71875,2404473
2018-02-26,78300,78500,77200,77500,75565.72656,2327486
2018-02-27,78700,79200,78400,78700,76735.77344,3395415
2018-02-28,78600,79200,76600,76800,74883.19531,3102987
2018-03-02,76300,77800,75900,77400,75468.21875,2673152
2018-03-05,77500,78900,77100,78300,76345.75781,3415061
2018-03-06,80100,82500,80000,82400,80343.42969,7588369
2018-03-07,83600,83900,82400,82700,80635.94531,4992841
2018-03-08,83900,84300,81800,83500,81415.97656,4440076
2018-03-09,84400,85900,83100,83300,81220.96875,5159197
2018-03-12,84900,85600,84300,84900,82781.03125,2744795
2018-03-13,88000,90000,87600,90000,87753.75,8775741
2018-03-14,89300,90900,89200,90700,88436.27344,5939290
2018-03-15,90300,90500,88600,89600,87363.72656,4106667
2018-03-16,88500,89900,87200,89800,87558.73438,5006430
2018-03-19,90200,91500,89500,89900,87656.24219,3743718
2018-03-20,88900,89700,88000,89600,87363.72656,3083666
2018-03-21,89600,90300,88000,88400,86193.67969,2942484
2018-03-22,88800,89300,88000,88600,86388.6875,2698169
2018-03-23,85100,86400,82800,83100,81025.96094,7310739
2018-03-26,82300,84000,81000,84000,81903.5,6121334
2018-03-27,84700,84800,80100,81400,79368.39063,7184488
2018-03-28,79900,82200,79600,80300,78295.84375,4820673
2018-03-29,80800,81300,79600,80300,78295.84375,3618849
2018-03-30,81200,83300,81100,81300,79270.88281,3681673
2018-04-02,81700,82800,81100,81300,79270.88281,2342407
2018-04-03,80300,81800,78700,81800,79758.40625,3553815
2018-04-04,82500,83000,80000,80400,78393.34375,2964537
2018-04-05,82200,83200,81200,82900,80830.95313,3255356
2018-04-06,80000,80600,79300,80300,78295.84375,5693281
2018-04-09,80000,81200,79300,80600,78588.35156,3231256
2018-04-10,80000,80800,79200,80400,78393.34375,2924054
2018-04-11,82400,82400,81000,81200,79173.38281,3053453
2018-04-12,81900,85100,81500,84000,81903.5,5725102
2018-04-13,85000,85900,83900,84200,82098.50781,3032369
2018-04-16,84200,84700,83400,84000,81903.5,1489091
2018-04-17,83900,84000,82300,82800,80733.44531,2501282
2018-04-18,84100,85400,83700,84600,82488.52344,3375376
2018-04-19,85800,88200,85300,87900,85706.15625,5901782
2018-04-20,85900,86300,84000,84400,82293.51563,4590640
2018-04-23,83400,85300,83300,84400,82293.51563,3002461
2018-04-24,83300,83400,80400,82100,80050.91406,6804182
2018-04-25,81600,83000,80900,82400,80343.42969,3845661
2018-04-26,83800,87100,83300,86500,84341.10156,7551747
2018-04-27,88500,88800,86800,87100,84926.125,4961867
2018-04-30,85400,85700,84000,84500,82391.01563,4653153
2018-05-02,85900,86000,82900,83100,81025.96094,5444240
2018-05-03,83200,83900,82800,82900,80830.95313,2362792
2018-05-04,83500,84100,82600,83000,80928.45313,2696141
2018-05-08,84500,85300,83200,83500,81415.97656,2979605
2018-05-09,84300,84700,83100,83400,81318.46875,2284106
2018-05-10,85400,85800,84500,85800,83658.57031,3274963
2018-05-11,86600,86800,85400,86100,83951.08594,2107047
2018-05-14,86100,86300,84500,85400,83268.55469,1959236
2018-05-15,86000,86000,83900,84600,82488.52344,2239370
2018-05-16,85000,87000,84800,87000,84828.625,3040180
2018-05-17,88400,88700,86000,86700,84536.10938,2864278
2018-05-18,87200,88000,85400,87900,85706.15625,2187789
2018-05-21,88400,89400,87400,89100,86876.21094,3262983
2018-05-23,91900,95500,91500,95300,92921.46875,10378915
2018-05-24,95300,95900,94600,94600,92238.9375,3220029
2018-05-25,94300,97700,93900,95200,92823.96094,4145819
2018-05-28,94600,95600,93700,94500,92141.4375,2505786
2018-05-29,94600,96100,93500,94800,92433.94531,2733549
2018-05-30,94800,95700,92800,95000,92628.95313,3808299
2018-05-31,94500,94700,92800,93400,91068.89063,5996671
2018-06-01,90800,92200,89600,91400,89118.80469,4790644
2018-06-04,91000,92400,89700,89800,87558.73438,3141036
2018-06-05,89800,91300,89800,91000,88728.78906,2758383
2018-06-07,92700,92700,90600,90900,88631.28125,2754947
2018-06-08,91000,91000,87600,88400,86193.67969,4579508
2018-06-11,88800,90200,88100,89200,86973.71094,2535933
2018-06-12,89900,90100,88200,88400,86193.67969,1876012
2018-06-14,88300,88300,86300,86300,84146.09375,4646948
2018-06-15,87400,87800,86100,87000,84828.625,2945006
2018-06-18,86800,86900,82300,84000,81903.5,4723914
2018-06-19,84100,86100,83700,84100,82001,3824878
2018-06-20,85800,88100,85000,87800,85608.65625,4183210
2018-06-21,88900,89300,87500,88500,86291.1875,3274612
2018-06-22,87300,89500,86700,89500,87266.22656,2569978
2018-06-25,88800,88800,84600,84800,82683.53125,4420542
2018-06-26,82500,84800,82400,84300,82196.00781,5518522
2018-06-27,85700,86400,85200,85200,83073.54688,3798356
2018-06-28,83000,84000,82500,83500,81415.97656,3838303
2018-06-29,83500,85700,83400,85700,83561.07031,3003603
2018-07-02,85000,86000,83400,83700,81610.98438,2033542
2018-07-03,85000,86500,84500,86100,83951.08594,2817592
2018-07-04,87800,87800,84400,85000,82878.53906,2744382
2018-07-05,85000,87300,85000,86200,84048.58594,2059342
2018-07-06,86200,86200,83600,85300,83171.05469,3482186
2018-07-09,85300,87600,85300,87600,85413.64844,2127205
2018-07-10,88400,88600,86700,87300,85121.13281,2002682
2018-07-11,86500,87600,85900,86800,84633.61719,2037358
2018-07-12,86800,87000,85400,85600,83463.5625,3032951
2018-07-13,86500,90100,86500,88800,86583.69531,4535954
2018-07-16,88700,89300,87800,89300,87071.21875,1896459
2018-07-17,90100,90200,88500,88600,86388.6875,1570129
2018-07-18,89700,91000,89100,89300,87071.21875,1937496
2018-07-19,90400,91200,90300,90300,88046.25781,2383489
2018-07-20,89700,90000,87200,87900,85706.15625,3726334
2018-07-23,86300,86400,81200,81700,79660.89844,7076375
2018-07-24,82500,83800,81700,83600,81513.47656,4023740
2018-07-25,83400,84000,80200,80500,78490.85156,4154596
2018-07-26,81300,83800,78600,83100,81025.96094,6218102
2018-07-27,83700,86400,83100,86100,83951.08594,4943923
2018-07-30,86200,86400,85100,85900,83756.07813,2301941
2018-07-31,85200,86300,84500,86300,84146.09375,2804543
2018-08-01,85900,86400,85100,85600,83463.5625,2265008
2018-08-02,85000,85600,82900,83200,81123.46094,3373964
2018-08-03,84000,84100,83100,83300,81220.96875,1928574
2018-08-06,82200,82300,79300,79400,77418.30469,5910100
2018-08-07,80100,80800,79700,80700,78685.85938,3288142
2018-08-08,81500,81600,79400,79800,77808.32031,2804784
2018-08-09,80100,80300,77500,78000,76053.25,5587662
2018-08-10,77200,77600,74600,75100,73225.625,6785694
2018-08-13,74300,75700,74100,75400,73518.14063,3734794
2018-08-14,75900,76600,75500,75900,74005.65625,3206407
2018-08-16,73500,75400,72500,74700,72835.60938,5550888
2018-08-17,74400,75500,74100,74500,72640.60156,2647963
2018-08-20,74700,75400,74400,74700,72835.60938,2048829
2018-08-21,74800,78700,74400,78400,76443.26563,5663191
2018-08-22,79300,80900,78200,79800,77808.32031,5295710
2018-08-23,80300,81300,79300,81100,79075.875,3272130
2018-08-24,80400,82200,79600,81800,79758.40625,3612709
2018-08-27,82100,83800,81600,83500,81415.97656,3070598
2018-08-28,84100,84300,81900,82400,80343.42969,4466308
2018-08-29,82500,83300,81600,82800,80733.44531,2330703
2018-08-30,82200,83500,81500,82700,80635.94531,2337573
2018-08-31,81800,83000,81800,83000,80928.45313,2303812
2018-09-03,82200,82800,80500,80600,78588.35156,2618619
2018-09-04,80600,81600,80200,81200,79173.38281,1903734
2018-09-05,80600,81000,79900,80000,78003.32813,2627619
2018-09-06,78300,78900,77400,78800,76833.28125,4516654
2018-09-07,74500,76200,74100,75900,74005.65625,8388278
2018-09-10,75900,77100,75500,76500,74590.6875,4167711
2018-09-11,76400,77800,76300,76600,74688.1875,3197796
2018-09-12,76200,76200,74700,75100,73225.625,4330147
2018-09-13,74300,75200,73900,74500,72640.60156,5257563
2018-09-14,76100,77800,76000,77700,75760.73438,4124842
2018-09-17,78000,78200,76700,77200,75273.21094,2252063
2018-09-18,76600,78300,76100,78000,76053.25,2450163
2018-09-19,79400,79700,78400,78800,76833.28125,2912259
2018-09-20,78600,79900,78000,79100,77125.78906,3392490
2018-09-21,77100,77500,76300,76700,74785.69531,5678068
2018-09-27,75900,75900,74700,75000,73128.125,5841083
2018-09-28,75300,75900,73100,73100,71275.54688,5824873
2018-10-01,74300,74600,73200,73700,71860.57031,2970456
2018-10-02,73600,74000,71600,71700,69910.48438,4089558
2018-10-04,71700,72200,69800,70000,68252.91406,5778810
2018-10-05,69700,71100,69400,70300,68545.42969,5508014
2018-10-08,69500,71800,69400,71200,69422.96094,2856291
2018-10-10,70300,71100,69800,70300,68545.42969,4161114
2018-10-11,67600,70200,67500,69000,67277.875,4936490
2018-10-12,69200,73200,69200,72400,70593.01563,4882184
2018-10-15,71600,71700,69900,70300,68545.42969,3727297
2018-10-16,70300,71000,69600,69700,67960.39844,2211661
2018-10-17,71400,71700,70300,70400,68642.92969,2653053
2018-10-18,69600,69900,68700,68700,66985.35938,2849229
2018-10-19,68100,70900,67800,70800,69032.94531,2688930
2018-10-22,69600,70900,69600,70000,68252.91406,2377240
2018-10-23,69600,70000,68600,69100,67375.375,3175869
2018-10-24,69400,69600,65800,66700,65035.27734,5703361
2018-10-25,64700,66000,63200,64700,63085.19141,5859332
2018-10-26,65100,67100,62900,67000,65327.78906,6211406
2018-10-29,66600,67800,64800,66800,65132.78125,4252977
2018-10-30,66000,70900,65900,68200,66497.83594,6101533
2018-10-31,69300,70400,67600,68200,66497.83594,5038931
2018-11-01,68900,69600,67800,68300,66595.34375,3218076
2018-11-02,70600,72800,69100,72600,70788.02344,5334082
2018-11-05,72000,72100,70100,70500,68740.4375,3389386
2018-11-06,70500,70600,69100,70100,68350.42188,2624868
2018-11-07,70400,72300,70100,70800,69032.94531,3770119
2018-11-08,72900,73300,72600,72900,71080.53125,3930969
2018-11-09,72400,73600,71900,72900,71080.53125,3414946
2018-11-12,72200,74500,71800,74500,72640.60156,3328433
2018-11-13,72300,72500,69900,71900,70105.49219,4730929
2018-11-14,71400,72100,70200,70400,68642.92969,2783377
2018-11-16,72600,72900,70000,70100,68350.42188,2894513
2018-11-19,69600,70500,68900,69800,68057.90625,2303677
2018-11-20,67000,68200,67000,67500,65815.3125,3325563
2018-11-21,66900,68300,66100,68100,66400.33594,3100596
2018-11-22,68100,69700,68000,69300,67570.38281,1966126
2018-11-23,69500,69700,68400,69300,67570.38281,1499166
2018-11-26,69200,71300,69000,70900,69130.45313,2361766
2018-11-27,71100,71200,69700,70800,69032.94531,2293763
2018-11-28,71000,72000,70700,71900,70105.49219,2441991
2018-11-29,73700,73700,71200,71500,69715.47656,3270078
2018-11-30,71500,71600,68800,69600,67862.89844,4167055
2018-12-03,71000,71100,69800,70500,68740.4375,2760290
2018-12-04,69900,70400,68400,69000,67277.875,3222060
2018-12-05,67200,68800,67200,68200,66497.83594,3008950
2018-12-06,67800,68200,65700,66000,64352.74609,3902275
2018-12-07,66700,67400,66600,66800,65132.78125,2590733
2018-12-10,65900,65900,64700,65500,63865.22656,2206084
2018-12-11,66000,66600,64800,64900,63280.20313,2457332
2018-12-12,65000,66200,64900,66200,64547.75391,2901875
2018-12-13,66300,66400,64800,65500,63865.22656,4062323
2018-12-14,65200,65300,61200,61800,60257.57422,5617675
2018-12-17,61600,62500,61000,62200,60647.58984,2506287
2018-12-18,61000,61900,60800,61100,59575.04297,3098206
2018-12-19,60800,61000,59700,60300,58795.01172,3561783
2018-12-20,59300,59400,58100,58600,57137.4375,4889709
2018-12-21,58200,60500,58200,60000,58502.49609,3946994
2018-12-24,59600,60700,59200,60400,58892.51563,2101703
2018-12-26,59400,60800,59300,60100,58600,2455060
2018-12-27,61600,61900,60600,61600,61600,3047798
2018-12-28,61700,62300,60500,60500,60500,1647462
2019-01-02,61300,61400,60000,60600,60600,1934295
2019-01-03,60200,60300,57500,57700,57700,3337621
2019-01-04,57500,58500,56700,58300,58300,3388087
2019-01-07,59000,59700,58400,58700,58700,2273750
2019-01-08,57900,60500,57600,59200,59200,3062192
2019-01-09,59600,63800,59400,63600,63600,4928656
2019-01-10,64100,65600,64000,65300,65300,6034432
2019-01-11,65400,65900,64200,65100,65100,2890639
2019-01-14,64300,65100,62000,62100,62100,3282892
2019-01-15,62200,64000,62200,64000,64000,2413868
2019-01-16,63800,64900,62700,64800,64800,2478497
2019-01-17,65500,66200,64600,64900,64900,2830122
2019-01-18,65000,65700,63900,64600,64600,2263599
2019-01-21,65900,67400,65000,67000,67000,3977425
2019-01-22,67900,68000,65700,66600,66600,4047917
2019-01-23,65500,67200,64800,66800,66800,2825017
2019-01-24,66900,70500,66900,70500,70500,6914092
2019-01-25,71600,74800,71100,74600,74600,7163871
2019-01-28,74700,74900,71200,71800,71800,4972189
2019-01-29,71400,73800,71000,73400,73400,3368642
2019-01-30,73500,76300,73000,75900,75900,5304841
2019-01-31,76900,77100,73700,73900,73900,4447535
2019-02-01,75400,76400,74700,75900,75900,3349965
2019-05-15,74800,75100,73900,74500,74500,2056131
2019-05-17,72500,73300,71400,71600,71600,2412668
2019-05-20,71800,72800,70700,70900,70900,1970694
2019-05-21,70500,72200,69700,70300,70300,3893536
2019-05-22,71300,71300,68500,68900,68900,3128787
2019-05-23,68400,69100,67300,68000,68000,3108370
2019-05-24,67300,68600,67000,67600,67600,3339145
2019-05-27,67900,68200,66400,66900,66900,2214176
2019-05-28,67200,68300,65900,65900,65900,12052399
2019-05-29,65600,66700,64900,66100,66100,6056903
2019-05-30,66300,66900,65800,65900,65900,3023108
2019-05-31,65900,66900,64700,65300,65300,3191350
2019-06-03,65200,67200,64200,66600,66600,4020572
2019-06-04,66500,66700,65100,65100,65100,2892681
2019-06-05,66900,67600,64900,65100,65100,4832796
2019-06-07,65200,66000,64600,65400,65400,2355869
2019-06-10,66100,67000,65800,66800,66800,3091757
2019-06-11,66900,67800,66700,67200,67200,2429182
2019-06-12,66800,67100,65700,65700,65700,2437640
2019-06-13,64900,65100,63300,63500,63500,5947811
2019-06-14,63200,64000,62600,63100,63100,3686472
2019-06-17,62800,63800,62400,63700,63700,2435039
2019-06-18,63800,64200,63300,63400,63400,1549497
2019-06-20,67200,67400,66200,67300,67300,2773637
2019-06-21,67100,67300,65900,65900,65900,2403002
2019-06-24,65900,67400,65600,66900,66900,2164462
2019-06-25,66700,67400,66300,66700,66700,1873766
2019-06-26,68300,69600,67900,68900,68900,5024201
2019-06-27,70100,71600,69700,70200,70200,5361201
2019-06-28,70900,70900,68400,69500,69500,3117569
2019-07-01,71000,71000,69700,70000,70000,3538183
2019-07-02,69700,71700,69100,71400,71400,2495399
2019-07-03,71100,71700,69000,69100,69100,2790684
2019-07-04,69600,70700,69300,70200,70200,1503707
2019-07-05,70300,71000,68400,68400,68400,2043271
2019-07-08,66400,68000,66200,67400,67400,2202260
2019-07-09,68400,70500,67900,69800,69800,2912514
2019-07-10,71500,73400,71000,72900,72900,4346179
2019-07-11,74000,75500,74000,75500,75500,5111929
2019-07-12,75600,75800,74400,74700,74700,2638271
2019-07-15,74500,76500,74400,76200,76200,2122090
2019-07-16,74800,76500,74800,76100,76100,2450278
2019-07-17,74600,75200,74000,74600,74600,2805672
2019-07-18,74300,75200,73900,74700,74700,1902110
2019-07-19,75900,77000,75600,76800,76800,2635348
2019-07-22,77800,79200,77000,78400,78400,3213786
2019-07-23,79700,80700,78200,78800,78800,4814941
2019-07-24,78800,80200,77100,77600,77600,3562342
2019-07-25,79700,80400,77700,79200,79200,3963383
2019-07-26,78100,80300,78000,79800,79800,3095260
2019-07-29,79000,79400,76500,77000,77000,2616782
2019-07-30,78200,80000,77700,78900,78900,2371300
2019-07-31,78000,79100,75300,76900,76900,3712241
2019-08-01,75300,78700,75300,77700,77700,3397831
2019-08-05,75500,76000,74900,75400,75400,2889902
2019-08-06,73100,73900,71900,72000,72000,5008247
2019-08-07,72000,74300,72000,73300,73300,2692841
2019-08-08,73600,74500,72000,72300,72300,2943206
2019-08-09,73200,74100,72300,73300,73300,2100380
2019-08-12,73700,75000,73500,74500,74500,1254926
2019-08-13,74000,75100,73700,74500,74500,1304708
2019-08-14,77200,77900,76200,76900,76900,2561643
2019-08-16,75800,76400,75100,76400,76400,2015785
2019-08-19,77300,77500,74800,75100,75100,1591728
2019-08-20,75500,76600,75100,76400,76400,1694275
2019-08-21,75900,76900,75500,75800,75800,1898789
2019-08-22,75300,76000,73800,73800,73800,2309550
2019-08-23,73500,75200,73400,74400,74400,1695532
2019-08-26,72600,73000,71500,71800,71800,2645491
2019-08-27,72500,73700,72500,73000,73000,2512610
2019-08-28,73500,73700,72500,73300,73300,1380522
2019-08-29,73500,74100,72000,73300,73300,2050860
2019-08-30,74600,78000,74600,77400,77400,3839246
2019-09-02,77000,78200,76500,77600,77600,1431352
2019-09-04,77400,80000,77300,80000,80000,2723541
2019-09-05,81400,83000,81200,83000,83000,4068631
2019-09-06,84000,84000,81500,81900,81900,2418057
2019-09-09,83100,84600,82500,84300,84300,2642174
2019-09-11,83400,84300,81300,82600,82600,3650902
2019-09-16,81000,81000,79000,79500,79500,5174391
2019-09-17,80000,80400,79100,79400,79400,2538780
2019-09-18,80100,80600,79500,80200,80200,2706678
2019-09-19,80600,82700,80300,82700,82700,3612220
2019-09-20,82800,83400,82100,82200,82200,2447172
2019-09-23,81900,83300,81900,82800,82800,1413663
2019-09-24,82500,83500,81400,83400,83400,1662830
2019-09-25,82200,82800,81500,81900,81900,1644881
2019-09-26,83000,83500,82500,83300,83300,1734941
2019-09-27,80200,81500,80100,81400,81400,2625620
2019-09-30,80600,82900,80400,82200,82200,2442478
2019-10-01,81800,82500,81700,82000,82000,2370210
2019-10-02,81600,81600,79500,79500,79500,2188097
2019-10-07,80700,81700,79800,80300,80300,1229105
2019-10-08,80400,81100,79400,80900,80900,1816880
2019-10-10,78900,79600,78100,79000,79000,4389324
2019-10-11,79800,80500,79400,80000,80000,2186536
2019-10-14,82000,82300,80400,80500,80500,1972409
2019-10-15,80700,81700,80500,81200,81200,1518810
2019-10-16,82400,82700,81900,82400,82400,2436269
2019-10-17,82000,82200,80600,81000,81000,1713942
2019-10-18,81500,81700,77300,77400,77400,13625664
2019-10-21,77800,78400,77100,77500,77500,2096581
2019-10-22,78900,79300,78200,79100,79100,3453958
2019-10-23,78500,78600,77700,77700,77700,5373911
2019-10-24,79900,80100,78700,80000,80000,3076100
2019-10-25,82400,82900,81500,82900,82900,4229200
2019-10-28,83400,84000,82600,82900,82900,1977758
2019-10-29,84000,84000,82900,83000,83000,1645070
2019-10-30,83400,83400,81000,81500,81500,1927042
2019-10-31,81900,83400,81600,82000,82000,1978755
2019-11-01,82300,83200,81600,83100,83100,1848046
2019-11-04,84000,84900,83800,84700,84700,2182879
2019-11-05,85100,85400,84600,85100,85100,1953720
2019-11-06,84800,85200,83500,83500,83500,2127745
2019-11-07,83700,84300,82800,83600,83600,1594558
2019-11-08,84600,84600,82000,82300,82300,2074339
2019-11-12,81900,83200,81300,83200,83200,1555211
2019-11-13,83300,83600,82300,83400,83400,1370289
2019-11-18,86000,86500,84700,85500,85500,1827506
2019-11-19,85400,86000,84600,85300,85300,2260299
2019-11-20,84400,85200,82600,82700,82700,3315169
2019-11-21,81700,82500,80500,80900,80900,3346746
2019-11-22,80900,82100,80700,81700,81700,2089767
2019-11-25,82300,83300,81500,81700,81700,2602474
2019-11-26,82000,84100,82000,82300,82300,4521090
2019-11-27,82400,83200,82000,82700,82700,1326621
2019-11-28,83100,83800,82500,82800,82800,1413983
2019-11-29,82500,82800,80700,80900,80900,2139440
2019-12-02,80900,81800,80500,80500,80500,1945991
2019-12-03,78100,79300,77300,78700,78700,11657151
2019-12-04,78000,78100,76800,77700,77700,6164549
2019-12-05,79800,79900,78000,78800,78800,3667358
2019-12-06,79300,80800,79100,80600,80600,3054204
2019-12-09,81300,81800,80700,80700,80700,2290088
2019-12-10,79800,80900,79400,80700,80700,1831960
2019-12-11,80700,81000,80100,80600,80600,2009331
2019-12-12,82000,83500,82000,83400,83400,5247299
2019-12-13,87200,88200,85800,87900,87900,5831965
2019-12-16,87200,89400,87000,88600,88600,2652685
2019-12-17,91000,93800,90200,92800,92800,5070618
2019-12-18,93400,94500,91800,93000,93000,3434310
2019-12-19,95400,96400,93400,93600,93600,4938375
2019-12-20,94100,95100,93700,95000,95000,2791176
2019-12-23,95800,96200,94100,94600,94600,1720279
2019-12-24,95000,95600,93800,93800,93800,1464093
2019-12-26,94000,95100,93500,94800,94800,1559839
2019-12-27,94800,97000,94200,96000,96000,2229470
